{
  "0": 0.0186148,
  "1": 0.04891583333333334,
  "2": 1.6829202
}