{
  "0": 0.06662846666666666,
  "1": 0.18699654999999998,
  "2": 1.10112805
}